file_name,count
test_img_0100.jpg,232
train_img_1117.jpg,230
train_img_1152.jpg,1743
train_img_1179.jpg,1032
train_img_0523.jpg,754
train_img_1157.jpg,491
test_img_0287.jpg,229
test_img_0292.jpg,260
train_img_1141.jpg,280
test_img_0289.jpg,251
test_img_0290.jpg,556
train_img_1125.jpg,337
train_img_1102.jpg,239
train_img_1096.jpg,489
train_img_1115.jpg,469
train_img_1133.jpg,129
train_img_1172.jpg,489
train_img_1168.jpg,420
train_img_1006.jpg,847
train_img_0832.jpg,296
train_img_0833.jpg,644
train_img_1107.jpg,255
train_img_1112.jpg,187
test_img_0301.jpg,207
test_img_0299.jpg,165
train_img_0428.jpg,211
train_img_1104.jpg,263
train_img_1111.jpg,406
train_img_1142.jpg,277
train_img_0008.jpg,143
train_img_0641.jpg,311
train_img_0836.jpg,552
train_img_1135.jpg,268
train_img_1181.jpg,247
train_img_0426.jpg,331
test_img_0286.jpg,937
train_img_1129.jpg,281
train_img_1182.jpg,344
train_img_1131.jpg,138
train_img_0386.jpg,275
train_img_0835.jpg,177
train_img_1180.jpg,714
test_img_0013.jpg,1528
train_img_1110.jpg,2125
test_img_0191.jpg,532
train_img_1151.jpg,1111
train_img_1150.jpg,317
test_img_0332.jpg,770
test_img_0278.jpg,518
train_img_0106.jpg,129
test_img_0281.jpg,871
train_img_0033.jpg,175
train_img_1123.jpg,353
train_img_0592.jpg,149
train_img_1122.jpg,2007
train_img_1173.jpg,921
train_img_0274.jpg,299
test_img_0099.jpg,304
train_img_0268.jpg,694
train_img_1162.jpg,235
test_img_0121.jpg,150
test_img_0194.jpg,159
test_img_0252.jpg,340
train_img_0741.jpg,121
train_img_0766.jpg,308
train_img_0432.jpg,465
train_img_0524.jpg,1101
test_img_0175.jpg,117
train_img_0409.jpg,448
train_img_0609.jpg,379
train_img_0653.jpg,179
train_img_0712.jpg,101
train_img_0717.jpg,341
train_img_1066.jpg,2499
train_img_0816.jpg,129
test_img_0329.jpg,962
train_img_1148.jpg,290
train_img_1183.jpg,825
test_img_0128.jpg,811
test_img_0106.jpg,1443
train_img_1105.jpg,620
train_img_1121.jpg,1549
train_img_1146.jpg,719
test_img_0302.jpg,315
test_img_0195.jpg,211
train_img_0782.jpg,159
test_img_0242.jpg,238
train_img_0022.jpg,343
train_img_1055.jpg,658
train_img_0450.jpg,241
train_img_0644.jpg,597
train_img_0765.jpg,802
train_img_0800.jpg,250
train_img_0801.jpg,259
train_img_0802.jpg,135
train_img_0803.jpg,131
train_img_0804.jpg,172
train_img_1132.jpg,241
test_img_0305.jpg,654
train_img_0097.jpg,254
train_img_0419.jpg,316
train_img_0440.jpg,112
train_img_0462.jpg,435
train_img_0529.jpg,356
train_img_0637.jpg,175
train_img_0691.jpg,299
train_img_1124.jpg,391
train_img_1134.jpg,252
test_img_0102.jpg,264
train_img_1145.jpg,178
train_img_1127.jpg,204
train_img_0203.jpg,395
train_img_0898.jpg,239
train_img_0445.jpg,770
test_img_0280.jpg,558
train_img_0563.jpg,245
train_img_0399.jpg,345
train_img_0410.jpg,212
train_img_0817.jpg,178
train_img_1170.jpg,2772
test_img_0103.jpg,505
train_img_0610.jpg,573
test_img_0177.jpg,272
train_img_1149.jpg,1769
train_img_0634.jpg,195
train_img_0167.jpg,276
train_img_1164.jpg,272
train_img_0595.jpg,1017
test_img_0328.jpg,426
test_img_0312.jpg,270
train_img_0092.jpg,69
train_img_0149.jpg,249
train_img_0411.jpg,194
train_img_0423.jpg,208
train_img_0553.jpg,669
train_img_1171.jpg,219
test_img_0031.jpg,394
test_img_0143.jpg,810
test_img_0334.jpg,1508
train_img_0031.jpg,252
train_img_0032.jpg,564
train_img_0459.jpg,903
test_img_0026.jpg,113
test_img_0202.jpg,864
train_img_1044.jpg,7953
train_img_0447.jpg,291
train_img_0633.jpg,183
test_img_0155.jpg,845
train_img_0525.jpg,609
train_img_1161.jpg,255
train_img_0748.jpg,176
train_img_0650.jpg,1544
train_img_1118.jpg,333
train_img_0812.jpg,261
train_img_0813.jpg,181
train_img_0009.jpg,936
train_img_0049.jpg,466
train_img_1108.jpg,453
test_img_0291.jpg,357
train_img_0082.jpg,306
test_img_0010.jpg,566
test_img_0012.jpg,434
train_img_0047.jpg,1016
train_img_0052.jpg,851
train_img_0652.jpg,2474
train_img_1045.jpg,504
test_img_0134.jpg,152
train_img_0993.jpg,399
train_img_1128.jpg,298
train_img_0651.jpg,1225
train_img_1201.jpg,4663
train_img_1144.jpg,4561
train_img_1138.jpg,237
train_img_1140.jpg,2691
train_img_0578.jpg,2396
train_img_0960.jpg,237
train_img_1174.jpg,204
train_img_1022.jpg,751
train_img_0642.jpg,1298
test_img_0017.jpg,191
test_img_0115.jpg,291
test_img_0243.jpg,289
test_img_0257.jpg,2371
test_img_0285.jpg,582
train_img_0088.jpg,133
train_img_0583.jpg,458
train_img_0783.jpg,386
train_img_1100.jpg,1147
train_img_1158.jpg,1270
train_img_0528.jpg,276
train_img_1186.jpg,1141
train_img_1027.jpg,103
train_img_0253.jpg,389
train_img_0695.jpg,147
train_img_0271.jpg,385
train_img_0225.jpg,150
train_img_0443.jpg,181
train_img_0943.jpg,345
test_img_0054.jpg,597
train_img_0227.jpg,521
train_img_0444.jpg,172
train_img_0472.jpg,1037
train_img_0939.jpg,140
train_img_0781.jpg,106
test_img_0238.jpg,170
test_img_0239.jpg,306
train_img_0241.jpg,481
train_img_0278.jpg,469
train_img_0631.jpg,236
train_img_0632.jpg,309
train_img_0760.jpg,304
train_img_0772.jpg,728
train_img_0788.jpg,206
train_img_0790.jpg,915
train_img_0797.jpg,1880
train_img_0808.jpg,275
train_img_0887.jpg,1435
train_img_0940.jpg,410
train_img_0214.jpg,152
train_img_0488.jpg,2606
train_img_1166.jpg,403
train_img_1114.jpg,736
test_img_0235.jpg,125
test_img_0236.jpg,267
train_img_0963.jpg,123
train_img_0964.jpg,260
train_img_0965.jpg,108
train_img_0966.jpg,148
train_img_0967.jpg,152
train_img_0971.jpg,229
train_img_0226.jpg,171
train_img_1178.jpg,153
train_img_0125.jpg,177
train_img_0665.jpg,698
train_img_0293.jpg,215
train_img_0561.jpg,1348
test_img_0011.jpg,540
train_img_0719.jpg,476
train_img_0402.jpg,399
test_img_0267.jpg,1103
train_img_1060.jpg,1230
train_img_1074.jpg,1359
train_img_1076.jpg,946
train_img_1081.jpg,960
train_img_0798.jpg,140
test_img_0268.jpg,1400
train_img_1136.jpg,178
train_img_1190.jpg,2405
train_img_0390.jpg,1237
test_img_0309.jpg,663
train_img_0516.jpg,1343
train_img_1165.jpg,606
test_img_0110.jpg,460
train_img_1143.jpg,670
train_img_0347.jpg,2127
train_img_1080.jpg,2405
test_img_0282.jpg,574
test_img_0321.jpg,2472
train_img_0319.jpg,529
train_img_0556.jpg,238
train_img_0855.jpg,1804
train_img_1126.jpg,1041
train_img_1163.jpg,464
train_img_0740.jpg,171
train_img_1069.jpg,700
train_img_0551.jpg,259
train_img_1056.jpg,2976
test_img_0081.jpg,121
train_img_0441.jpg,391
train_img_1101.jpg,871
train_img_0434.jpg,179
train_img_1156.jpg,239
test_img_0003.jpg,350
test_img_0263.jpg,258
train_img_0478.jpg,542
train_img_0511.jpg,289
train_img_0721.jpg,415
train_img_0987.jpg,247
train_img_1057.jpg,1349
train_img_1116.jpg,875
train_img_0395.jpg,427
train_img_0794.jpg,447
train_img_0531.jpg,938
train_img_0654.jpg,592
test_img_0310.jpg,642
train_img_0398.jpg,472
test_img_0219.jpg,535
train_img_0994.jpg,324
test_img_0120.jpg,763
train_img_0513.jpg,306
train_img_0625.jpg,1352
train_img_0461.jpg,2054
train_img_0422.jpg,202
train_img_1167.jpg,1743
test_img_0279.jpg,560
train_img_1175.jpg,706
train_img_0555.jpg,1446
test_img_0039.jpg,88
test_img_0040.jpg,201
test_img_0044.jpg,169
test_img_0209.jpg,143
test_img_0274.jpg,457
train_img_0171.jpg,95
train_img_0172.jpg,195
train_img_0173.jpg,167
train_img_0191.jpg,490
train_img_0192.jpg,452
train_img_0193.jpg,145
train_img_0194.jpg,153
train_img_0195.jpg,139
train_img_0196.jpg,158
train_img_0614.jpg,3222
train_img_0692.jpg,134
train_img_0946.jpg,262
train_img_0463.jpg,452
train_img_0552.jpg,463
train_img_1159.jpg,638
train_img_0736.jpg,674
train_img_0034.jpg,453
test_img_0068.jpg,363
train_img_0477.jpg,385
train_img_0658.jpg,539
test_img_0174.jpg,259
train_img_0706.jpg,351
train_img_0707.jpg,136
train_img_0731.jpg,433
train_img_0666.jpg,623
test_img_0080.jpg,347
test_img_0084.jpg,322
train_img_0308.jpg,866
train_img_0542.jpg,962
train_img_0619.jpg,434
train_img_1109.jpg,1589
train_img_1189.jpg,468
train_img_0449.jpg,224
train_img_1188.jpg,1430
train_img_0306.jpg,175
train_img_0321.jpg,296
train_img_0403.jpg,146
train_img_0412.jpg,434
train_img_0413.jpg,210
train_img_0414.jpg,461
train_img_0415.jpg,403
train_img_0416.jpg,651
train_img_0417.jpg,644
train_img_0418.jpg,158
train_img_0420.jpg,236
train_img_0705.jpg,89
train_img_1098.jpg,435
train_img_0657.jpg,509
train_img_0732.jpg,284
train_img_0876.jpg,2363
test_img_0037.jpg,2530
train_img_0667.jpg,1059
train_img_0111.jpg,450
train_img_0465.jpg,174
train_img_1009.jpg,435
train_img_0647.jpg,385
train_img_0792.jpg,982
train_img_0990.jpg,117
train_img_0464.jpg,165
train_img_0483.jpg,1297
test_img_0333.jpg,601
train_img_1147.jpg,599
train_img_0323.jpg,992
train_img_0325.jpg,950
train_img_1169.jpg,2922
train_img_1191.jpg,909
test_img_0028.jpg,405
train_img_1097.jpg,777
test_img_0092.jpg,645
train_img_0457.jpg,1229
test_img_0275.jpg,1070
train_img_0900.jpg,950
train_img_0901.jpg,5815
train_img_0902.jpg,3154
train_img_0761.jpg,443
train_img_0232.jpg,168
test_img_0093.jpg,1929
test_img_0111.jpg,157
test_img_0201.jpg,719
train_img_0341.jpg,5387
train_img_0342.jpg,2585
train_img_0351.jpg,2735
train_img_0541.jpg,140
train_img_0218.jpg,4609
train_img_0315.jpg,440
train_img_0360.jpg,170
train_img_0799.jpg,1015
test_img_0324.jpg,650
test_img_0119.jpg,723
train_img_1026.jpg,244
train_img_0346.jpg,9008
train_img_1068.jpg,1128
train_img_1079.jpg,884
train_img_1095.jpg,2084
train_img_0176.jpg,328
train_img_1103.jpg,102
test_img_0265.jpg,245
train_img_1054.jpg,1301
test_img_0212.jpg,218
test_img_0266.jpg,3653
test_img_0269.jpg,3304
test_img_0271.jpg,916
train_img_0124.jpg,309
train_img_0660.jpg,906
train_img_1062.jpg,1066
train_img_1063.jpg,1392
train_img_1064.jpg,2266
train_img_1065.jpg,1679
train_img_1070.jpg,4136
train_img_1071.jpg,858
train_img_1072.jpg,2034
train_img_1075.jpg,1030
train_img_1078.jpg,833
train_img_1082.jpg,1302
train_img_1085.jpg,1278
train_img_1086.jpg,493
train_img_1087.jpg,956
train_img_1088.jpg,1774
train_img_1090.jpg,743
train_img_1091.jpg,1099
train_img_1092.jpg,829
train_img_1094.jpg,1236
train_img_1198.jpg,5860
test_img_0270.jpg,276
train_img_0349.jpg,3492
test_img_0101.jpg,175
train_img_1061.jpg,2781
train_img_0811.jpg,937
train_img_1160.jpg,424
train_img_1106.jpg,1537
train_img_0474.jpg,2359
train_img_0484.jpg,228
train_img_0577.jpg,983
train_img_0291.jpg,626
train_img_0231.jpg,151
train_img_1058.jpg,612
train_img_0002.jpg,121
train_img_0517.jpg,2190
train_img_0299.jpg,847
train_img_0353.jpg,4938
train_img_0242.jpg,530
train_img_0883.jpg,340
train_img_0166.jpg,3002
train_img_0774.jpg,1023
test_img_0304.jpg,2593
train_img_0564.jpg,512
test_img_0022.jpg,479
train_img_0126.jpg,288
train_img_0821.jpg,158
train_img_0834.jpg,190
test_img_0072.jpg,241
test_img_0215.jpg,1048
test_img_0325.jpg,1659
train_img_0037.jpg,851
train_img_0254.jpg,1107
train_img_0272.jpg,637
train_img_0343.jpg,1662
train_img_0348.jpg,747
train_img_0431.jpg,441
train_img_0433.jpg,624
train_img_0466.jpg,702
train_img_0482.jpg,276
train_img_0501.jpg,1197
train_img_0661.jpg,379
train_img_0890.jpg,603
train_img_0892.jpg,456
train_img_1113.jpg,921
train_img_1177.jpg,187
test_img_0006.jpg,436
test_img_0234.jpg,244
train_img_0096.jpg,279
train_img_0153.jpg,951
train_img_0956.jpg,274
train_img_0957.jpg,179
train_img_0958.jpg,80
train_img_0507.jpg,630
test_img_0122.jpg,499
test_img_0030.jpg,367
train_img_1153.jpg,891
train_img_0361.jpg,145
train_img_0344.jpg,2628
train_img_0147.jpg,1618
train_img_0352.jpg,1581
test_img_0070.jpg,233
train_img_0265.jpg,350
train_img_0448.jpg,394
test_img_0041.jpg,960
test_img_0051.jpg,187
test_img_0060.jpg,227
train_img_0245.jpg,1567
train_img_0246.jpg,292
train_img_0262.jpg,306
train_img_0094.jpg,328
train_img_0875.jpg,625
test_img_0047.jpg,100
train_img_0036.jpg,249
train_img_0155.jpg,183
train_img_0243.jpg,158
train_img_1119.jpg,339
train_img_0608.jpg,711
train_img_1155.jpg,1668
train_img_0703.jpg,2201
train_img_0204.jpg,267
test_img_0203.jpg,368
test_img_0204.jpg,522
test_img_0205.jpg,778
train_img_0048.jpg,696
train_img_0827.jpg,176
train_img_0460.jpg,3591
test_img_0046.jpg,177
train_img_0573.jpg,499
train_img_0095.jpg,159
train_img_0119.jpg,146
train_img_0120.jpg,136
train_img_0123.jpg,110
train_img_0364.jpg,189
test_img_0082.jpg,337
test_img_0096.jpg,107
test_img_0326.jpg,165
train_img_0053.jpg,387
train_img_0138.jpg,507
train_img_0273.jpg,268
train_img_0276.jpg,480
train_img_0354.jpg,177
train_img_0355.jpg,222
train_img_0787.jpg,208
train_img_0823.jpg,641
train_img_0879.jpg,658
train_img_1003.jpg,170
train_img_1047.jpg,174
train_img_0259.jpg,520
test_img_0180.jpg,1315
train_img_0560.jpg,108
train_img_0938.jpg,246
train_img_1184.jpg,580
train_img_0470.jpg,302
test_img_0188.jpg,275
test_img_0250.jpg,65
test_img_0038.jpg,297
train_img_0151.jpg,213
test_img_0170.jpg,148
train_img_0510.jpg,322
train_img_1137.jpg,734
train_img_0784.jpg,575
train_img_0446.jpg,1794
train_img_0880.jpg,162
train_img_0881.jpg,456
train_img_0810.jpg,168
train_img_0853.jpg,419
test_img_0283.jpg,241
train_img_1053.jpg,1797
train_img_0021.jpg,1442
train_img_0104.jpg,720
train_img_0105.jpg,236
train_img_0131.jpg,688
train_img_0718.jpg,650
train_img_0540.jpg,335
train_img_0452.jpg,633
train_img_0596.jpg,126
train_img_0770.jpg,410
train_img_0538.jpg,421
train_img_0776.jpg,447
train_img_0205.jpg,72
train_img_1139.jpg,138
train_img_0108.jpg,198
test_img_0125.jpg,1256
test_img_0091.jpg,636
train_img_0913.jpg,287
test_img_0007.jpg,77
test_img_0150.jpg,396
test_img_0218.jpg,712
test_img_0307.jpg,1077
train_img_0026.jpg,8431
train_img_0038.jpg,188
train_img_0158.jpg,159
train_img_0182.jpg,684
train_img_0300.jpg,4857
train_img_0318.jpg,356
train_img_0367.jpg,453
train_img_0487.jpg,536
train_img_0496.jpg,506
train_img_0498.jpg,3359
train_img_0499.jpg,1206
train_img_0500.jpg,648
train_img_0522.jpg,502
train_img_0535.jpg,227
train_img_0767.jpg,2069
train_img_0912.jpg,664
train_img_0977.jpg,373
train_img_0693.jpg,4256
train_img_0309.jpg,292
test_img_0193.jpg,210
train_img_0764.jpg,646
train_img_0793.jpg,393
train_img_1039.jpg,4923
test_img_0231.jpg,682
train_img_1193.jpg,7647
train_img_0475.jpg,935
train_img_0758.jpg,239
train_img_0345.jpg,657
train_img_0350.jpg,1525
train_img_0250.jpg,225
train_img_0486.jpg,2439
train_img_0982.jpg,131
train_img_0948.jpg,365
test_img_0053.jpg,954
train_img_0508.jpg,621
train_img_0248.jpg,122
test_img_0330.jpg,1668
test_img_0197.jpg,165
test_img_0245.jpg,308
train_img_0620.jpg,749
train_img_1005.jpg,269
test_img_0049.jpg,2494
train_img_0735.jpg,560
test_img_0066.jpg,2980
train_img_0594.jpg,408
test_img_0116.jpg,760
test_img_0133.jpg,944
train_img_0384.jpg,1399
train_img_0385.jpg,2532
train_img_0562.jpg,874
train_img_0497.jpg,683
train_img_0322.jpg,904
test_img_0255.jpg,3970
train_img_0107.jpg,160
train_img_0093.jpg,205
test_img_0189.jpg,122
train_img_0543.jpg,233
train_img_0754.jpg,96
train_img_0755.jpg,175
train_img_0132.jpg,428
test_img_0058.jpg,4535
train_img_0381.jpg,520
train_img_0400.jpg,180
test_img_0317.jpg,811
test_img_0276.jpg,302
train_img_0128.jpg,705
train_img_0899.jpg,441
train_img_1199.jpg,2311
train_img_0362.jpg,423
train_img_0363.jpg,828
test_img_0131.jpg,475
train_img_0281.jpg,1477
test_img_0135.jpg,314
train_img_0949.jpg,1456
test_img_0077.jpg,203
test_img_0078.jpg,1116
test_img_0079.jpg,1974
test_img_0085.jpg,283
train_img_0217.jpg,1445
train_img_0280.jpg,721
train_img_0301.jpg,466
train_img_0303.jpg,954
train_img_0304.jpg,273
train_img_0310.jpg,871
train_img_0775.jpg,195
train_img_0916.jpg,1920
train_img_0305.jpg,558
train_img_0537.jpg,1279
train_img_0453.jpg,506
train_img_0968.jpg,359
train_img_0969.jpg,349
train_img_0575.jpg,359
train_img_0841.jpg,421
test_img_0001.jpg,977
train_img_0007.jpg,507
train_img_0494.jpg,2362
train_img_0439.jpg,369
train_img_0588.jpg,176
test_img_0141.jpg,171
test_img_0237.jpg,178
train_img_0055.jpg,331
train_img_0514.jpg,165
train_img_0580.jpg,474
train_img_0581.jpg,536
train_img_0582.jpg,857
train_img_0727.jpg,6052
train_img_0728.jpg,407
test_img_0253.jpg,163
train_img_1029.jpg,385
train_img_1030.jpg,1316
train_img_1031.jpg,204
train_img_1032.jpg,217
train_img_1033.jpg,263
train_img_0526.jpg,144
train_img_0527.jpg,334
train_img_0170.jpg,234
train_img_0720.jpg,119
test_img_0124.jpg,757
test_img_0132.jpg,294
test_img_0327.jpg,1408
train_img_0180.jpg,369
train_img_0320.jpg,400
train_img_0340.jpg,12672
train_img_0371.jpg,3141
train_img_0438.jpg,273
train_img_0485.jpg,338
train_img_0532.jpg,650
train_img_0533.jpg,366
train_img_0566.jpg,261
train_img_0843.jpg,465
train_img_0888.jpg,464
train_img_0962.jpg,481
train_img_1008.jpg,663
test_img_0186.jpg,158
test_img_0206.jpg,2870
test_img_0220.jpg,2746
train_img_0405.jpg,692
train_img_0406.jpg,604
train_img_0515.jpg,481
train_img_0828.jpg,1145
train_img_0829.jpg,537
train_img_0906.jpg,2502
train_img_0907.jpg,2115
train_img_0998.jpg,961
train_img_0509.jpg,256
train_img_0733.jpg,266
train_img_0786.jpg,481
train_img_0270.jpg,488
test_img_0262.jpg,550
train_img_0266.jpg,479
train_img_0307.jpg,404
train_img_0992.jpg,518
train_img_1021.jpg,589
test_img_0207.jpg,463
test_img_0229.jpg,699
train_img_0005.jpg,560
train_img_0375.jpg,131
train_img_0380.jpg,361
train_img_0394.jpg,4810
train_img_0430.jpg,337
train_img_0437.jpg,685
train_img_0467.jpg,155
train_img_0506.jpg,364
train_img_0700.jpg,86
train_img_0702.jpg,94
train_img_0730.jpg,223
train_img_0795.jpg,113
train_img_0845.jpg,310
train_img_0846.jpg,335
train_img_0847.jpg,713
train_img_0860.jpg,307
train_img_0934.jpg,754
train_img_1099.jpg,1066
train_img_1176.jpg,193
train_img_1200.jpg,3642
test_img_0062.jpg,2638
train_img_0752.jpg,126
test_img_0303.jpg,2154
train_img_0127.jpg,179
train_img_0866.jpg,512
train_img_0873.jpg,129
train_img_0930.jpg,551
train_img_0547.jpg,599
train_img_0376.jpg,335
train_img_0536.jpg,259
train_img_0744.jpg,434
train_img_0746.jpg,564
train_img_0867.jpg,477
train_img_0868.jpg,578
train_img_0870.jpg,260
train_img_0874.jpg,466
train_img_0724.jpg,128
train_img_0849.jpg,210
train_img_1130.jpg,269
test_img_0112.jpg,1166
test_img_0296.jpg,1341
train_img_0302.jpg,289
train_img_0314.jpg,351
train_img_0379.jpg,1527
train_img_0397.jpg,613
train_img_0404.jpg,249
train_img_0546.jpg,398
train_img_0869.jpg,226
train_img_0915.jpg,386
train_img_0818.jpg,412
train_img_0819.jpg,727
train_img_0518.jpg,632
train_img_0519.jpg,875
train_img_0520.jpg,204
train_img_0521.jpg,601
train_img_0626.jpg,392
train_img_0627.jpg,399
train_img_0628.jpg,470
train_img_0643.jpg,195
train_img_0871.jpg,268
train_img_0591.jpg,193
test_img_0127.jpg,408
test_img_0114.jpg,800
train_img_0942.jpg,794
test_img_0284.jpg,376
train_img_0549.jpg,1245
train_img_0469.jpg,442
train_img_0590.jpg,475
test_img_0064.jpg,1357
test_img_0109.jpg,441
test_img_0144.jpg,446
test_img_0293.jpg,1433
test_img_0313.jpg,465
test_img_0314.jpg,820
train_img_0042.jpg,65
train_img_0255.jpg,3146
train_img_0284.jpg,371
train_img_0285.jpg,1909
train_img_0286.jpg,1783
train_img_0287.jpg,6384
train_img_0742.jpg,386
train_img_0837.jpg,1056
train_img_0838.jpg,5273
test_img_0319.jpg,922
train_img_1120.jpg,542
train_img_0737.jpg,1024
train_img_0911.jpg,162
test_img_0149.jpg,390
train_img_0598.jpg,313
train_img_0599.jpg,264
train_img_0601.jpg,216
train_img_0602.jpg,464
train_img_0604.jpg,488
train_img_0605.jpg,466
train_img_0606.jpg,467
train_img_0762.jpg,1188
test_img_0165.jpg,198
test_img_0166.jpg,2315
test_img_0167.jpg,4195
test_img_0168.jpg,138
train_img_0675.jpg,243
train_img_0676.jpg,190
train_img_0677.jpg,2307
train_img_0678.jpg,3848
train_img_0679.jpg,3741
train_img_0680.jpg,4097
train_img_0681.jpg,2068
train_img_0682.jpg,236
train_img_0683.jpg,928
train_img_0684.jpg,816
train_img_0685.jpg,3417
train_img_0687.jpg,192
train_img_0688.jpg,103
train_img_0689.jpg,2019
train_img_0690.jpg,321
train_img_0256.jpg,252
train_img_0219.jpg,199
train_img_0856.jpg,1191
test_img_0264.jpg,225
test_img_0147.jpg,135
train_img_0780.jpg,110
train_img_0407.jpg,4626
test_img_0298.jpg,284
train_img_0662.jpg,1790
test_img_0240.jpg,329
train_img_0493.jpg,335
train_img_0589.jpg,142
test_img_0156.jpg,2075
train_img_0050.jpg,82
train_img_0263.jpg,800
train_img_0973.jpg,81
test_img_0272.jpg,1798
train_img_1059.jpg,3127
train_img_1067.jpg,1257
train_img_1077.jpg,3591
train_img_1083.jpg,2474
train_img_1084.jpg,2940
train_img_1089.jpg,290
train_img_1093.jpg,3245
test_img_0159.jpg,469
train_img_0024.jpg,111
train_img_0025.jpg,383
train_img_0116.jpg,139
train_img_0668.jpg,550
train_img_0669.jpg,574
train_img_0670.jpg,356
train_img_0671.jpg,389
train_img_0672.jpg,542
train_img_0673.jpg,267
train_img_0729.jpg,360
train_img_0629.jpg,563
train_img_0630.jpg,139
train_img_0893.jpg,1628
train_img_0848.jpg,563
train_img_0863.jpg,241
train_img_0905.jpg,1062
test_img_0076.jpg,489
test_img_0277.jpg,259
test_img_0300.jpg,236
test_img_0306.jpg,2702
test_img_0308.jpg,3568
train_img_0373.jpg,908
train_img_0408.jpg,2084
train_img_0456.jpg,1274
train_img_0458.jpg,450
train_img_0471.jpg,924
train_img_0481.jpg,619
train_img_0585.jpg,197
train_img_0778.jpg,523
train_img_0842.jpg,558
train_img_0910.jpg,303
train_img_1023.jpg,646
test_img_0055.jpg,361
test_img_0199.jpg,263
test_img_0316.jpg,973
test_img_0323.jpg,2033
train_img_0177.jpg,388
train_img_0178.jpg,284
train_img_0313.jpg,4343
train_img_0455.jpg,201
train_img_0476.jpg,265
train_img_0624.jpg,431
train_img_0768.jpg,594
train_img_0851.jpg,147
train_img_0941.jpg,170
train_img_1048.jpg,126
train_img_1049.jpg,244
train_img_1050.jpg,150
test_img_0176.jpg,326
test_img_0178.jpg,400
train_img_0713.jpg,149
train_img_0714.jpg,313
train_img_0715.jpg,305
train_img_0716.jpg,323
train_img_1043.jpg,1734
train_img_0383.jpg,183
train_img_0356.jpg,232
test_img_0061.jpg,236
test_img_0126.jpg,305
train_img_0056.jpg,116
train_img_0505.jpg,229
train_img_0704.jpg,801
train_img_0852.jpg,395
train_img_0071.jpg,596
train_img_0072.jpg,247
train_img_0623.jpg,459
train_img_0889.jpg,1971
train_img_0468.jpg,354
test_img_0063.jpg,1149
train_img_0656.jpg,372
train_img_0189.jpg,252
train_img_0972.jpg,86
test_img_0320.jpg,2414
test_img_0073.jpg,481
test_img_0097.jpg,431
test_img_0241.jpg,207
test_img_0251.jpg,184
test_img_0331.jpg,2607
train_img_0027.jpg,1072
train_img_0045.jpg,153
train_img_0130.jpg,1964
train_img_0244.jpg,1472
train_img_0365.jpg,2585
train_img_0366.jpg,2055
train_img_0396.jpg,4135
train_img_0401.jpg,1556
train_img_0454.jpg,443
train_img_0757.jpg,142
train_img_0809.jpg,171
train_img_0844.jpg,1360
train_img_0903.jpg,595
train_img_0909.jpg,542
train_img_0981.jpg,163
train_img_1028.jpg,197
train_img_1194.jpg,12865
test_img_0318.jpg,1616
train_img_1001.jpg,440
train_img_1004.jpg,434
train_img_0023.jpg,378
test_img_0208.jpg,204
train_img_0185.jpg,243
train_img_1034.jpg,734
train_img_0473.jpg,182
train_img_0357.jpg,429
test_img_0247.jpg,214
train_img_0747.jpg,85
train_img_0006.jpg,1515
train_img_0859.jpg,497
train_img_0429.jpg,147
test_img_0016.jpg,853
train_img_0759.jpg,786
train_img_0190.jpg,347
train_img_0878.jpg,244
train_img_0636.jpg,183
train_img_0206.jpg,404
test_img_0104.jpg,1387
test_img_0105.jpg,166
train_img_0612.jpg,228
train_img_0175.jpg,1588
train_img_0480.jpg,1185
test_img_0192.jpg,195
train_img_0183.jpg,329
train_img_0937.jpg,1269
train_img_0393.jpg,166
train_img_0557.jpg,314
train_img_1037.jpg,3359
train_img_0490.jpg,2555
test_img_0083.jpg,693
test_img_0098.jpg,249
test_img_0137.jpg,751
test_img_0138.jpg,632
test_img_0145.jpg,161
test_img_0183.jpg,1758
test_img_0223.jpg,1826
test_img_0226.jpg,1665
train_img_0012.jpg,103
train_img_0114.jpg,294
train_img_0115.jpg,264
train_img_0146.jpg,173
train_img_0179.jpg,265
train_img_0199.jpg,135
train_img_0202.jpg,303
train_img_0391.jpg,710
train_img_0392.jpg,1449
train_img_0479.jpg,1416
train_img_0491.jpg,919
train_img_0492.jpg,319
train_img_0512.jpg,196
train_img_0567.jpg,212
train_img_0568.jpg,155
train_img_0571.jpg,734
train_img_0572.jpg,355
train_img_0639.jpg,228
train_img_0648.jpg,260
train_img_0734.jpg,1471
train_img_0805.jpg,1743
train_img_0806.jpg,727
train_img_0807.jpg,2048
train_img_0815.jpg,680
train_img_0894.jpg,3105
train_img_0896.jpg,367
train_img_0918.jpg,976
train_img_0919.jpg,1612
train_img_0921.jpg,1372
train_img_0922.jpg,1289
train_img_0925.jpg,560
train_img_0926.jpg,866
train_img_0927.jpg,1047
test_img_0118.jpg,964
test_img_0161.jpg,313
test_img_0162.jpg,279
test_img_0163.jpg,372
test_img_0172.jpg,110
test_img_0200.jpg,299
test_img_0288.jpg,216
test_img_0311.jpg,909
train_img_0359.jpg,124
train_img_0425.jpg,899
train_img_0427.jpg,1998
train_img_0442.jpg,170
train_img_0674.jpg,309
train_img_0697.jpg,88
train_img_0698.jpg,61
train_img_0699.jpg,65
train_img_0722.jpg,110
train_img_0814.jpg,369
train_img_0857.jpg,2616
train_img_0858.jpg,457
train_img_0897.jpg,232
train_img_1052.jpg,517
train_img_1195.jpg,2054
train_img_1196.jpg,8434
train_img_0066.jpg,915
train_img_0854.jpg,180
train_img_0436.jpg,308
train_img_0579.jpg,1058
train_img_0877.jpg,1956
train_img_1010.jpg,512
train_img_1042.jpg,7930
train_img_0133.jpg,159
train_img_0785.jpg,187
train_img_0586.jpg,2462
test_img_0169.jpg,174
train_img_1020.jpg,938
train_img_0387.jpg,1805
train_img_0086.jpg,283
test_img_0198.jpg,104
train_img_1002.jpg,549
train_img_0646.jpg,840
test_img_0094.jpg,146
test_img_0181.jpg,466
train_img_0098.jpg,233
train_img_0011.jpg,341
train_img_0944.jpg,406
test_img_0002.jpg,923
test_img_0005.jpg,103
test_img_0108.jpg,188
test_img_0171.jpg,608
test_img_0179.jpg,2021
test_img_0187.jpg,403
test_img_0196.jpg,287
train_img_0282.jpg,424
train_img_0326.jpg,2021
train_img_0327.jpg,7423
train_img_0328.jpg,760
train_img_0330.jpg,11434
train_img_0331.jpg,4635
train_img_0332.jpg,6653
train_img_0333.jpg,3792
train_img_0334.jpg,911
train_img_0335.jpg,419
train_img_0336.jpg,2196
train_img_0337.jpg,286
train_img_0338.jpg,3999
train_img_0339.jpg,3268
train_img_0421.jpg,337
train_img_0424.jpg,10274
train_img_0435.jpg,372
train_img_0489.jpg,487
train_img_0502.jpg,779
train_img_0503.jpg,551
train_img_0504.jpg,1110
train_img_0539.jpg,1114
train_img_0554.jpg,211
train_img_0559.jpg,196
train_img_0565.jpg,291
train_img_0638.jpg,863
train_img_0708.jpg,533
train_img_0751.jpg,304
train_img_0840.jpg,481
train_img_0882.jpg,379
train_img_1018.jpg,959
train_img_0936.jpg,631
test_img_0151.jpg,648
train_img_0117.jpg,1187
test_img_0216.jpg,593
train_img_0135.jpg,826
train_img_0139.jpg,174
train_img_0221.jpg,1762
train_img_0015.jpg,129
test_img_0008.jpg,92
test_img_0067.jpg,255
train_img_0043.jpg,49
train_img_0051.jpg,90
train_img_0749.jpg,1288
test_img_0086.jpg,176
test_img_0182.jpg,269
test_img_0248.jpg,205
train_img_0001.jpg,433
train_img_0068.jpg,368
train_img_0079.jpg,251
train_img_0312.jpg,339
train_img_0769.jpg,104
train_img_0830.jpg,185
train_img_0850.jpg,254
train_img_0251.jpg,800
train_img_0600.jpg,198
train_img_0603.jpg,414
test_img_0148.jpg,819
test_img_0107.jpg,335
test_img_0045.jpg,153
test_img_0146.jpg,387
test_img_0214.jpg,514
train_img_0035.jpg,488
train_img_0076.jpg,171
train_img_0077.jpg,307
train_img_0078.jpg,1952
train_img_0089.jpg,349
train_img_0197.jpg,271
train_img_0198.jpg,314
train_img_0200.jpg,161
train_img_0587.jpg,206
train_img_0777.jpg,237
test_img_0014.jpg,225
test_img_0123.jpg,485
test_img_0157.jpg,471
test_img_0158.jpg,247
test_img_0221.jpg,1709
test_img_0222.jpg,1890
test_img_0224.jpg,379
test_img_0225.jpg,1191
test_img_0227.jpg,612
test_img_0230.jpg,1454
test_img_0261.jpg,343
train_img_0041.jpg,250
train_img_0044.jpg,134
train_img_0057.jpg,162
train_img_0058.jpg,110
train_img_0059.jpg,175
train_img_0060.jpg,233
train_img_0061.jpg,203
train_img_0062.jpg,106
train_img_0063.jpg,255
train_img_0064.jpg,174
train_img_0067.jpg,1453
train_img_0215.jpg,2680
train_img_0234.jpg,154
train_img_0530.jpg,971
train_img_0613.jpg,489
train_img_0663.jpg,217
train_img_0664.jpg,275
train_img_0763.jpg,947
train_img_0773.jpg,103
train_img_0789.jpg,210
train_img_0791.jpg,459
train_img_0822.jpg,491
train_img_0824.jpg,207
train_img_0831.jpg,340
train_img_0920.jpg,969
train_img_0923.jpg,1902
train_img_0924.jpg,1585
train_img_0970.jpg,73
train_img_0995.jpg,376
train_img_1046.jpg,185
train_img_0091.jpg,405
train_img_0184.jpg,219
test_img_0185.jpg,507
train_img_0211.jpg,201
train_img_0324.jpg,727
test_img_0018.jpg,141
test_img_0019.jpg,137
test_img_0139.jpg,428
test_img_0322.jpg,1613
train_img_0003.jpg,244
train_img_0298.jpg,1046
train_img_0983.jpg,132
train_img_0112.jpg,2513
test_img_0254.jpg,829
train_img_1017.jpg,679
train_img_1035.jpg,532
train_img_0238.jpg,550
train_img_0188.jpg,290
train_img_0239.jpg,592
train_img_0240.jpg,259
train_img_0136.jpg,267
test_img_0113.jpg,1278
test_img_0025.jpg,319
test_img_0129.jpg,311
test_img_0297.jpg,429
train_img_0029.jpg,101
train_img_0070.jpg,901
train_img_0277.jpg,579
train_img_0369.jpg,384
train_img_0370.jpg,612
train_img_0451.jpg,1400
train_img_0544.jpg,462
train_img_0548.jpg,304
train_img_0576.jpg,130
train_img_0621.jpg,277
train_img_0820.jpg,153
train_img_0928.jpg,712
train_img_0999.jpg,1819
train_img_1000.jpg,1850
train_img_1187.jpg,402
train_img_0292.jpg,171
train_img_0099.jpg,368
train_img_0100.jpg,333
train_img_0101.jpg,300
train_img_0121.jpg,799
train_img_0122.jpg,166
train_img_0961.jpg,319
train_img_0388.jpg,158
train_img_0550.jpg,295
train_img_0570.jpg,568
train_img_0374.jpg,204
train_img_0168.jpg,395
train_img_0980.jpg,175
test_img_0233.jpg,332
train_img_1016.jpg,534
train_img_0150.jpg,193
train_img_0187.jpg,370
train_img_0209.jpg,131
train_img_0212.jpg,684
train_img_0213.jpg,229
train_img_1011.jpg,560
train_img_0908.jpg,470
train_img_0358.jpg,122
train_img_0382.jpg,645
test_img_0029.jpg,450
test_img_0035.jpg,1018
test_img_0036.jpg,302
test_img_0057.jpg,687
train_img_0004.jpg,131
train_img_0142.jpg,336
train_img_0143.jpg,301
train_img_0144.jpg,114
train_img_0157.jpg,204
train_img_0159.jpg,105
train_img_0160.jpg,432
train_img_0161.jpg,321
train_img_0162.jpg,129
train_img_0163.jpg,82
train_img_0164.jpg,197
train_img_0165.jpg,217
train_img_0216.jpg,534
train_img_0933.jpg,397
train_img_0959.jpg,1395
train_img_1051.jpg,304
train_img_1014.jpg,422
train_img_0247.jpg,255
train_img_0222.jpg,1436
train_img_0269.jpg,118
test_img_0153.jpg,641
test_img_0117.jpg,737
test_img_0059.jpg,452
train_img_0257.jpg,791
train_img_0028.jpg,1867
train_img_0389.jpg,219
train_img_0558.jpg,434
train_img_0569.jpg,939
train_img_0584.jpg,295
train_img_0597.jpg,359
train_img_0725.jpg,430
train_img_0779.jpg,1064
train_img_0796.jpg,397
train_img_0895.jpg,1319
test_img_0213.jpg,266
train_img_0016.jpg,201
test_img_0164.jpg,1586
train_img_0686.jpg,2286
train_img_1197.jpg,4953
train_img_0110.jpg,430
train_img_0979.jpg,299
train_img_0030.jpg,138
train_img_0140.jpg,463
train_img_0258.jpg,1220
train_img_0283.jpg,691
train_img_0709.jpg,328
train_img_0710.jpg,156
train_img_0711.jpg,298
train_img_1007.jpg,93
train_img_0917.jpg,137
train_img_0014.jpg,179
test_img_0273.jpg,948
train_img_0311.jpg,2047
train_img_0904.jpg,867
test_img_0032.jpg,674
test_img_0136.jpg,652
test_img_0142.jpg,353
train_img_0069.jpg,718
train_img_0574.jpg,945
test_img_0152.jpg,901
test_img_0154.jpg,354
train_img_0017.jpg,5520
train_img_0018.jpg,3598
train_img_0019.jpg,3933
train_img_0020.jpg,611
train_img_0615.jpg,313
train_img_0616.jpg,755
train_img_0617.jpg,367
train_img_0618.jpg,1209
train_img_0640.jpg,1238
train_img_0655.jpg,343
train_img_0694.jpg,170
train_img_0696.jpg,188
train_img_0723.jpg,678
train_img_0825.jpg,721
test_img_0004.jpg,183
test_img_0244.jpg,228
train_img_0013.jpg,1165
train_img_0054.jpg,157
train_img_0152.jpg,332
train_img_0220.jpg,1338
train_img_0224.jpg,231
train_img_0249.jpg,1155
train_img_0260.jpg,275
train_img_0279.jpg,421
train_img_0771.jpg,318
train_img_0826.jpg,4282
train_img_0839.jpg,361
train_img_0988.jpg,220
train_img_0989.jpg,384
train_img_1036.jpg,748
train_img_1041.jpg,331
train_img_1013.jpg,516
train_img_0083.jpg,152
train_img_0084.jpg,114
train_img_0085.jpg,90
train_img_0102.jpg,124
train_img_0103.jpg,215
train_img_0169.jpg,137
train_img_0275.jpg,364
test_img_0033.jpg,129
train_img_0947.jpg,3053
train_img_0141.jpg,137
test_img_0075.jpg,253
train_img_0156.jpg,349
test_img_0015.jpg,413
test_img_0065.jpg,490
test_img_0069.jpg,547
test_img_0071.jpg,1236
test_img_0095.jpg,370
train_img_0046.jpg,187
train_img_0065.jpg,353
train_img_0317.jpg,246
test_img_0050.jpg,425
test_img_0056.jpg,194
test_img_0087.jpg,626
test_img_0088.jpg,197
test_img_0089.jpg,1557
test_img_0173.jpg,883
test_img_0184.jpg,2166
test_img_0190.jpg,732
test_img_0210.jpg,421
test_img_0217.jpg,1775
test_img_0232.jpg,419
test_img_0246.jpg,1036
test_img_0256.jpg,2240
test_img_0258.jpg,994
test_img_0259.jpg,338
test_img_0260.jpg,2116
train_img_0010.jpg,153
train_img_0074.jpg,279
train_img_0075.jpg,225
train_img_0090.jpg,86
train_img_0118.jpg,551
train_img_0145.jpg,217
train_img_0148.jpg,229
train_img_0154.jpg,843
train_img_0181.jpg,199
train_img_0186.jpg,362
train_img_0207.jpg,348
train_img_0210.jpg,388
train_img_0223.jpg,206
train_img_0228.jpg,264
train_img_0230.jpg,471
train_img_0236.jpg,362
train_img_0252.jpg,312
train_img_0264.jpg,702
train_img_0288.jpg,185
train_img_0289.jpg,557
train_img_0290.jpg,216
train_img_0295.jpg,697
train_img_0316.jpg,1162
train_img_0545.jpg,765
train_img_0593.jpg,504
train_img_0635.jpg,952
train_img_0645.jpg,267
train_img_0738.jpg,2954
train_img_0739.jpg,7695
train_img_0864.jpg,376
train_img_0891.jpg,860
train_img_0945.jpg,257
train_img_0955.jpg,480
train_img_0974.jpg,211
train_img_0978.jpg,126
train_img_1012.jpg,516
train_img_1038.jpg,1419
train_img_1154.jpg,313
train_img_1192.jpg,3124
train_img_0134.jpg,230
test_img_0211.jpg,434
train_img_0607.jpg,164
test_img_0074.jpg,704
test_img_0295.jpg,1477
train_img_0294.jpg,2217
train_img_1040.jpg,402
train_img_0229.jpg,558
train_img_0039.jpg,137
train_img_0040.jpg,161
train_img_0659.jpg,175
train_img_0087.jpg,612
train_img_0109.jpg,1568
train_img_0113.jpg,143
train_img_0129.jpg,245
train_img_0267.jpg,233
train_img_0985.jpg,106
train_img_0237.jpg,3012
train_img_0073.jpg,269
train_img_0976.jpg,262
train_img_0174.jpg,133
train_img_0996.jpg,703
test_img_0160.jpg,1063
test_img_0294.jpg,791
train_img_0756.jpg,301
test_img_0048.jpg,1211
test_img_0140.jpg,398
train_img_0208.jpg,376
train_img_0534.jpg,524
train_img_0611.jpg,1380
train_img_0701.jpg,1161
train_img_0726.jpg,353
train_img_0861.jpg,627
train_img_0862.jpg,1911
train_img_0865.jpg,353
train_img_0884.jpg,757
train_img_0885.jpg,2517
train_img_0914.jpg,451
train_img_0929.jpg,166
train_img_0935.jpg,241
train_img_0975.jpg,425
train_img_0997.jpg,471
test_img_0024.jpg,385
test_img_0052.jpg,139
train_img_0495.jpg,1772
test_img_0023.jpg,274
test_img_0020.jpg,133
test_img_0021.jpg,127
test_img_0027.jpg,181
test_img_0043.jpg,155
train_img_0080.jpg,129
train_img_0081.jpg,122
train_img_0201.jpg,204
train_img_0235.jpg,131
train_img_0296.jpg,166
train_img_0368.jpg,947
train_img_0950.jpg,440
train_img_0951.jpg,594
train_img_0952.jpg,370
train_img_0953.jpg,549
train_img_0954.jpg,325
train_img_0984.jpg,221
train_img_0991.jpg,758
train_img_1185.jpg,519
test_img_0034.jpg,221
test_img_0249.jpg,83
train_img_0986.jpg,592
train_img_1024.jpg,73
train_img_1025.jpg,246
train_img_0233.jpg,1437
test_img_0315.jpg,383
test_img_0130.jpg,456
train_img_0329.jpg,955
train_img_0372.jpg,478
test_img_0009.jpg,237
train_img_0750.jpg,456
train_img_0753.jpg,198
train_img_0649.jpg,385
train_img_0743.jpg,178
train_img_0745.jpg,153
test_img_0228.jpg,172
train_img_0377.jpg,407
train_img_0378.jpg,451
train_img_0872.jpg,804
train_img_1015.jpg,396
test_img_0042.jpg,130
train_img_0931.jpg,2821
train_img_0932.jpg,2354
train_img_1073.jpg,2857
train_img_1019.jpg,977
train_img_0886.jpg,181
test_img_0090.jpg,792
train_img_0261.jpg,282
train_img_0622.jpg,1826
train_img_0297.jpg,273
train_img_0137.jpg,1695
